,ID,title,plot,image_url,rating,rank,running_time_secs,release_year,release_month,release_day
0,0,12 Years a Slave,"In the antebellum United States, Solomon Northup, a free black man from upstate New York, is abducted and sold into slavery.",http://ia.media-imdb.com/images/M/MV5BMjExMTEzODkyN15BMl5BanBnXkFtZTcwNTU4NTc4OQ@@._V1_SX400_.jpg,7.7,44,7980.0,2013,8,30
1,1,2 Guns,"A DEA agent and a naval intelligence officer find themselves on the run after a botched attempt to infiltrate a drug cartel. While fleeing, they learn the secret of their shaky alliance: Neither knew that the other was an undercover agent.",http://ia.media-imdb.com/images/M/MV5BNTQ5MTgzNDg4OF5BMl5BanBnXkFtZTcwMjAyODEzOQ@@._V1_SX400_.jpg,7.0,62,6540.0,2013,7,30
2,2,42,The life story of Jackie Robinson and his history-making signing with the Brooklyn Dodgers under the guidance of team executive Branch Rickey.,http://ia.media-imdb.com/images/M/MV5BMTQwMDU4MDI3MV5BMl5BanBnXkFtZTcwMjU1NDgyOQ@@._V1_SX400_.jpg,7.5,229,7680.0,2013,4,12
3,3,About Time,"At the age of 21, Tim discovers he can travel in time and change what happens and has happened in his own life. His decision to make his world a better place by getting a girlfriend turns out not to be as easy as you might think.",http://ia.media-imdb.com/images/M/MV5BMTA1ODUzMDA3NzFeQTJeQWpwZ15BbWU3MDgxMTYxNTk@._V1_SX400_.jpg,7.6,94,7380.0,2013,6,27
4,4,Adore,A pair of childhood friends and neighbors fall for each other's sons.,http://ia.media-imdb.com/images/M/MV5BMjg5ODY2MzcwMF5BMl5BanBnXkFtZTcwODEwNjQ3OQ@@._V1_SX400_.jpg,6.1,205,6000.0,2013,1,18
5,5,After Earth,"A crash landing leaves Kitai Raige and his father Cypher stranded on Earth, a millennium after events forced humanity's escape. With Cypher injured, Kitai must embark on a perilous journey to signal for help.",http://ia.media-imdb.com/images/M/MV5BMTY3MzQyMjkwMl5BMl5BanBnXkFtZTcwMDk2OTE0OQ@@._V1_SX400_.jpg,4.9,17,6000.0,2013,5,1
6,6,American Hustle,"The story of a con artist and his partner in crime, who were forced to work with a federal agent to turn the tables on other cons, mobsters, and politicians - namely, the volatile mayor of impoverished Camden, New Jersey.",http://ia.media-imdb.com/images/M/MV5BMjkyNDY3Mzg2Ml5BMl5BanBnXkFtZTgwMzU0OTYzMDE@._V1_SX400_.jpg,,203,,2013,12,13
7,7,Anchorman 2: The Legend Continues,"With the 70s behind him, San Diego's top rated newsman, Ron Burgundy, returns to take New York's first 24-hour news channel by storm.",http://ia.media-imdb.com/images/M/MV5BMTM5NTY0NTUzOV5BMl5BanBnXkFtZTcwMDY2MzA3OQ@@._V1_SX400_.jpg,,182,,2013,12,19
8,8,Austenland,"Obsessed with [link=tt0112130], a woman travels to a [link=nm0000807] theme park in search for her perfect gentleman.",http://ia.media-imdb.com/images/M/MV5BMjE2MTUzMjgyNF5BMl5BanBnXkFtZTcwNjY4NDM4OQ@@._V1_SX400_.jpg,5.8,260,5820.0,2013,1,18
9,9,Bad Grandpa,"86-year-old Irving Zisman is on a journey across America with the most unlikely companion: his 8 year-old grandson, Billy.",http://ia.media-imdb.com/images/M/MV5BMTg4NjIwMTI5OV5BMl5BanBnXkFtZTgwNjU1MTMyMDE@._V1_SX400_.jpg,,160,,2013,10,23
10,10,Baggage Claim,"Pledging to keep herself from being the oldest and the only woman in her entire family never to wed, Montana embarks on a thirty-day, thirty-thousand-mile expedition to charm a potential suitor into becoming her fiance.",http://ia.media-imdb.com/images/M/MV5BMjIyNDU4NTY3M15BMl5BanBnXkFtZTcwOTA3MDA1OQ@@._V1_SX400_.jpg,4.1,84,5760.0,2013,9,27
11,11,Battle of the Year,"Battle of the Year attracts all the best teams from around the world, but the Americans haven't won in fifteen years. Dante enlists Blake to assemble a team of the best dancers and bring the Trophy back to America where it started.",http://ia.media-imdb.com/images/M/MV5BOTY2OTcyNzM3NF5BMl5BanBnXkFtZTgwNzgxMjkxMDE@._V1_SX400_.jpg,3.5,37,6600.0,2013,9,19
12,12,Behind the Candelabra,"Based on the autobiographical novel, the tempestuous 6-year relationship between Liberace and his (much younger) lover, Scott Thorson, is recounted.",http://ia.media-imdb.com/images/M/MV5BMTg0OTY2OTM0OF5BMl5BanBnXkFtZTcwMTk4OTQ1OQ@@._V1_SX400_.jpg,7.0,38,7080.0,2013,5,21
13,13,Big Sur,"A recounting of Jack Kerouac's (here known by the name of his fictional alter-ego Jack Duluoz) three sojourns to the cabin in Big Sur, owned by poet Lawrence Ferlinghetti.",http://ia.media-imdb.com/images/M/MV5BMjI3MDU0MDY2MF5BMl5BanBnXkFtZTgwNDY3NjUzMDE@._V1_SX400_.jpg,6.3,119,6000.0,2013,1,23
14,14,Blue Jasmine,"A New York socialite, deeply troubled and in denial, arrives in San Francisco to impose upon her sister. She looks a million, but isn't bringing money, peace, or love...",http://ia.media-imdb.com/images/M/MV5BMTc0ODk5MzEyMV5BMl5BanBnXkFtZTcwMzI0MDY1OQ@@._V1_SX400_.jpg,7.8,58,5880.0,2013,7,26
15,15,C.O.G.,"A cocky young man travels to Oregon to work on an apple farm. Out of his element, he finds his lifestyle and notions being picked apart by everyone who crosses his path.",http://ia.media-imdb.com/images/M/MV5BMTExODkwNTAzODBeQTJeQWpwZ15BbWU3MDAzNzE4OTk@._V1_SX400_.jpg,4.8,262,5280.0,2013,1,20
16,16,CBGB,"A look at the New York City punk-rock scene and the venerable nightclub, CBGB.",http://ia.media-imdb.com/images/M/MV5BMTg1NDcxODY0OV5BMl5BanBnXkFtZTgwOTgwMzQxMDE@._V1_SX400_.jpg,6.3,154,,2013,9,5
17,17,Captain Phillips,"The true story of Captain Richard Phillips and the 2009 hijacking by Somali pirates of the US-flagged MV Maersk Alabama, the first American cargo ship to be hijacked in two hundred years.",http://ia.media-imdb.com/images/M/MV5BMTQzNzExMDg3Ml5BMl5BanBnXkFtZTgwODU1NzEzMDE@._V1_SX400_.jpg,6.7,101,8040.0,2013,9,27
18,18,Carrie,"A reimagining of the classic horror tale about Carrie White, a shy girl outcast by her peers and sheltered by her deeply religious mother, who unleashes telekinetic terror on her small town after being pushed too far at her senior prom.",http://ia.media-imdb.com/images/M/MV5BMTc1MDIyOTkxN15BMl5BanBnXkFtZTgwMTU1NzEzMDE@._V1_SX400_.jpg,,31,,2013,10,7
19,19,Cloudy with a Chance of Meatballs 2,Flint Lockwood now works at The Live Corp Company for his idol Chester V. But he's forced to leave his post when he learns that his most infamous machine is still operational and is churning out menacing food-animal hybrids.,http://ia.media-imdb.com/images/M/MV5BMTYzNDM0MDI1NF5BMl5BanBnXkFtZTcwNzQ5NzYxOQ@@._V1_SX400_.jpg,6.7,29,5700.0,2013,9,26
20,20,Curse of Chucky,"After her mother's mysterious death, Nica begins to suspect that the talking, red-haired doll her visiting niece has been playing with may be the key to recent bloodshed and chaos.",http://ia.media-imdb.com/images/M/MV5BMjkxMjM0MDE3OF5BMl5BanBnXkFtZTcwMDQ3NzI4OQ@@._V1_SX400_.jpg,5.7,24,5820.0,2013,8,2
21,21,Despicable Me 2,Gru is recruited by the Anti-Villain League to help deal with a powerful new super criminal.,http://ia.media-imdb.com/images/M/MV5BOTg4NTk2OTg5N15BMl5BanBnXkFtZTcwMDk1MzI2OQ@@._V1_SX400_.jpg,7.7,55,5880.0,2013,6,16
22,22,Dom Hemingway,"After spending 12 years in prison for keeping his mouth shut, notorious safe-cracker Dom Hemingway is back on the streets of London looking to collect what he's owed.",http://ia.media-imdb.com/images/M/MV5BMTczMDYzOTAwM15BMl5BanBnXkFtZTgwMDg5OTgwMDE@._V1_SX400_.jpg,6.9,51,5580.0,2013,9,8
23,23,Elysium,"Set in the year 2154, where the very wealthy live on a man-made space station while the rest of the population resides on a ruined Earth, a man takes on a mission that could bring equality to the polarized worlds.",http://ia.media-imdb.com/images/M/MV5BNDc2NjU0MTcwNV5BMl5BanBnXkFtZTcwMjg4MDg2OQ@@._V1_SX400_.jpg,7.0,28,6540.0,2013,8,7
24,24,Empire State,"A drama centered on two childhood friends who plan to rob an armored car depository, and the NYPD officer who stands in their way.",http://ia.media-imdb.com/images/M/MV5BMjExOTY4MDEzNF5BMl5BanBnXkFtZTcwNzIyMTY3OQ@@._V1_SX400_.jpg,5.0,132,5640.0,2013,3,19
25,25,Ender's Game,"70 years after a horrific alien war, an unusually gifted child is sent to an advanced military school in space to prepare for a future invasion.",http://ia.media-imdb.com/images/M/MV5BMjAzMzI5OTgzMl5BMl5BanBnXkFtZTgwMTU5MTAwMDE@._V1_SX400_.jpg,,59,6840.0,2013,10,24
26,26,Enough Said,A divorced woman who decides to pursue the man she's interested in learns he's her new friend's ex-husband.,http://ia.media-imdb.com/images/M/MV5BMjI2MjIwMDk2Ml5BMl5BanBnXkFtZTcwNTQ1MzQ5OQ@@._V1_SX400_.jpg,7.5,148,5580.0,2013,9,7
27,27,Epic,A teenager finds herself transported to a deep forest setting where a battle between the forces of good and the forces of evil is taking place. She bands together with a rag-tag group characters in order to save their world -- and ours.,http://ia.media-imdb.com/images/M/MV5BMTgyNDYwNzE5NV5BMl5BanBnXkFtZTcwMzUyODM5OA@@._V1_SX400_.jpg,6.6,47,6120.0,2013,5,15
28,28,Escape Plan,"When a structural-security authority finds himself incarcerated in a prison he designed, he has to put his skills to escape and find out who framed him.",http://ia.media-imdb.com/images/M/MV5BMTk3OTcxMTEyNl5BMl5BanBnXkFtZTcwMDQ4MjQ2OQ@@._V1_SX400_.jpg,7.6,27,6960.0,2013,7,18
29,29,Escape from Tomorrow,"In a world of fake castles and anthropomorphic rodents, an epic battle begins when an unemployed father's sanity is challenged by a chance encounter with two underage girls on holiday.",http://ia.media-imdb.com/images/M/MV5BNTIxNjcxOTgxM15BMl5BanBnXkFtZTgwMjYzODEzMDE@._V1_SX400_.jpg,5.9,146,5400.0,2013,1,18
30,30,Evil Dead,"Five friends head to a remote cabin, where the discovery of a Book of the Dead leads them to unwittingly summon up demons living in the nearby woods. The evil presence possesses them until only one is left to fight for survival.",http://ia.media-imdb.com/images/M/MV5BNTQ3OTkwNTgyN15BMl5BanBnXkFtZTcwNTAzOTAzOQ@@._V1_SX400_.jpg,6.5,158,5460.0,2013,3,8
31,31,Filth,"A bipolar, bigoted junkie cop manipulates and hallucinates his way through the festive season in a bid to secure promotion and win back his wife and daughter.",http://ia.media-imdb.com/images/M/MV5BODc3MjY5NTQxNl5BMl5BanBnXkFtZTcwNTQxMzczOQ@@._V1_SX400_.jpg,7.2,144,5820.0,2013,9,16
32,32,Frozen,"Fearless optimist Anna teams up with Kristoff in an epic journey, encountering Everest-like conditions, and a hilarious snowman named Olaf in a race to find Anna's sister Elsa, whose icy powers have trapped the kingdom in eternal winter.",http://ia.media-imdb.com/images/M/MV5BMTQ1MjQwMTE5OF5BMl5BanBnXkFtZTgwNjk3MTcyMDE@._V1_SX400_.jpg,,75,,2013,11,20
33,33,Furious 6,Hobbs has Dom and Brian reassemble their crew in order to take down a mastermind who commands an organization of mercenary drivers across 12 countries. Payment? Full pardons for them all.,http://ia.media-imdb.com/images/M/MV5BMTM3NTg2NDQzOF5BMl5BanBnXkFtZTcwNjc2NzQzOQ@@._V1_SX400_.jpg,7.2,42,7800.0,2013,5,7
34,34,G.I. Joe: Retaliation,The G.I. Joes are not only fighting their mortal enemy Cobra; they are forced to contend with threats from within the government that jeopardize their very existence.,http://ia.media-imdb.com/images/M/MV5BNzk5ODM0OTQ0N15BMl5BanBnXkFtZTcwODg2ODE4OA@@._V1_SX400_.jpg,5.8,178,6600.0,2013,3,11
35,35,Gangster Squad,"Los Angeles, 1949: A secret crew of police officers led by two determined sergeants work together in an effort to take down the ruthless mob king Mickey Cohen who runs the city.",http://ia.media-imdb.com/images/M/MV5BMTcwMjAyMTUzMl5BMl5BanBnXkFtZTcwODgxNzk1OA@@._V1_SX400_.jpg,6.7,265,6780.0,2013,1,7
36,36,Generation Iron,A documentary that follows top bodybuilders as they train to compete in the Mr. Olympia competition.,http://ia.media-imdb.com/images/M/MV5BMTY3NDcxNjIzMF5BMl5BanBnXkFtZTgwMzM1NDAxMDE@._V1_SX400_.jpg,6.7,240,6360.0,2013,9,20
37,37,Ghost Team One,Two roommates deathly afraid of ghosts both fall in love with a girl who believes their home is haunted.,http://ia.media-imdb.com/images/M/MV5BOTYwODQ3NzUyOV5BMl5BanBnXkFtZTgwNjAxNDcyMDE@._V1_SX400_.jpg,4.3,70,6420.0,2013,1,20
38,38,Gravity,A medical engineer and an astronaut work together to survive after an accident leaves them adrift in space.,http://ia.media-imdb.com/images/M/MV5BNjE5MzYwMzYxMF5BMl5BanBnXkFtZTcwOTk4MTk0OQ@@._V1_SX400_.jpg,8.2,12,5400.0,2013,8,28
39,39,Grown Ups 2,"After moving his family back to his hometown to be with his friends and their kids, Lenny finds out that between old bullies, new bullies, schizo bus drivers, drunk cops on skis, and 400 costumed party crashers sometimes crazy follows you.",http://ia.media-imdb.com/images/M/MV5BMTgwNTI2MDI0OF5BMl5BanBnXkFtZTcwMTk5MDg0OQ@@._V1_SX400_.jpg,5.2,98,6060.0,2013,7,11
40,40,Hansel & Gretel: Witch Hunters,"Hansel & Gretel are bounty hunters who track and kill witches all over the world. As the fabled Blood Moon approaches, the siblings encounter a new form of evil that might hold a secret to their past.",http://ia.media-imdb.com/images/M/MV5BMjA4MDQwODg2NV5BMl5BanBnXkFtZTcwNTc5ODc2OA@@._V1_SX400_.jpg,6.1,234,5280.0,2013,1,17
41,41,Homefront,"A former DEA agent moves his family to a quiet town, where he soon tangles with a local meth druglord.",http://ia.media-imdb.com/images/M/MV5BMTUwOTAzNzAwMl5BMl5BanBnXkFtZTgwOTc1NDIyMDE@._V1_SX400_.jpg,,211,,2013,11,27
42,42,Hummingbird,"Homeless and on the run from a military court martial, a damaged ex-special forces soldier navigating London's criminal underworld seizes an opportunity to assume another man's identity -- transforming into an avenging angel in the process.",http://ia.media-imdb.com/images/M/MV5BMjI0ODc3NjI4NV5BMl5BanBnXkFtZTcwOTc3MzI1OQ@@._V1_SX400_.jpg,6.2,93,6000.0,2013,5,9
43,43,I Spit on Your Grave 2,,http://ia.media-imdb.com/images/M/MV5BMTc1Nzk3NjM0M15BMl5BanBnXkFtZTgwMjM5MzYyMDE@._V1_SX400_.jpg,5.5,36,6360.0,2013,8,25
44,44,Insidious: Chapter 2,The haunted Lambert family seeks to uncover the mysterious childhood secret that has left them dangerously connected to the spirit world.,http://ia.media-imdb.com/images/M/MV5BMTg0OTA5ODIxNF5BMl5BanBnXkFtZTcwNTUzNDg4OQ@@._V1_SX400_.jpg,7.1,7,6360.0,2013,9,13
45,45,Iron Man 3,"When Tony Stark's world is torn apart by a formidable terrorist called the Mandarin, he starts an odyssey of rebuilding and retribution.",http://ia.media-imdb.com/images/M/MV5BMjIzMzAzMjQyM15BMl5BanBnXkFtZTcwNzM2NjcyOQ@@._V1_SX400_.jpg,7.4,22,7800.0,2013,4,18
46,46,Kill Your Darlings,"A murder in 1944 draws together the great poets of the beat generation: Allen Ginsberg, Jack Kerouac and William Burroughs.",http://ia.media-imdb.com/images/M/MV5BMjA4MzAxMTE1N15BMl5BanBnXkFtZTgwMDY2OTIxMDE@._V1_SX400_.jpg,7.1,156,6240.0,2013,1,18
47,47,Lone Survivor,"Based on the failed June 28, 2005 mission ""Operation Red Wings"". Four members of SEAL Team 10 were tasked with the mission to capture or kill notorious Taliban leader Ahmad Shahd. Marcus Luttrell was the only member of his team to survive.",http://ia.media-imdb.com/images/M/MV5BMjA0NTgwOTk5Ml5BMl5BanBnXkFtZTcwMjE3NDc5OQ@@._V1_SX400_.jpg,,246,,2013,12,27
48,48,Machete Kills,The U.S. government recruits Machete to battle his way through Mexico in order to take down an arms dealer who looks to launch a weapon into space.,http://ia.media-imdb.com/images/M/MV5BMjA2MzUxMTM3M15BMl5BanBnXkFtZTgwMzA2NzkxMDE@._V1_SX400_.jpg,6.3,43,6420.0,2013,9,19
49,49,Man of Steel,A young itinerant worker is forced to confront his secret extraterrestrial heritage when Earth is invaded by members of his race.,http://ia.media-imdb.com/images/M/MV5BMjI5OTYzNjI0Ml5BMl5BanBnXkFtZTcwMzM1NDA1OQ@@._V1_SX400_.jpg,7.6,69,8580.0,2013,6,10
50,50,Metallica Through the Never,"Trip, a young roadie for Metallica, is sent on an urgent mission during the band's show. But what seems like a simple assignment turns into a surreal adventure.",http://ia.media-imdb.com/images/M/MV5BMjQwNjk5MTk4Ml5BMl5BanBnXkFtZTcwNTgwNDA5OQ@@._V1_SX400_.jpg,7.8,49,5640.0,2013,9,9
51,51,Monsters University,A look at the relationship between Mike and Sulley during their days at Monsters University -- when they weren't necessarily the best of friends.,http://ia.media-imdb.com/images/M/MV5BMTUyODgwMDU3M15BMl5BanBnXkFtZTcwOTM4MjcxOQ@@._V1_SX400_.jpg,7.6,207,6240.0,2013,6,8
52,52,Movie 43,A series of interconnected short films follows a washed-up producer as he pitches insane story lines featuring some of the biggest stars in Hollywood.,http://ia.media-imdb.com/images/M/MV5BMTg4NzQ3NDM1Nl5BMl5BanBnXkFtZTcwNjEzMjM3OA@@._V1_SX400_.jpg,4.4,174,5640.0,2013,1,1
53,53,Nebraska,"An aging, booze-addled father makes the trip from Montana to Nebraska with his estranged son in order to claim a million dollar Mega Sweepstakes Marketing prize.",http://ia.media-imdb.com/images/M/MV5BMTU2Mjk2NDkyMl5BMl5BanBnXkFtZTgwNTk0NzcyMDE@._V1_SX400_.jpg,7.5,201,6900.0,2013,5,23
54,54,No se Aceptan Devoluciones,A man who has made a new life for himself and the daughter left on his doorstep 6 years ago finds his family threatened when the birth mother resurfaces.,http://ia.media-imdb.com/images/M/MV5BMTUyNjI3ODI0N15BMl5BanBnXkFtZTcwMTQ1NTY5OQ@@._V1_SX400_.jpg,6.9,39,6900.0,2013,8,30
55,55,Now You See Me,An FBI agent and an Interpol detective track a team of illusionists who pull off bank heists during their performances and reward their audiences with the money.,http://ia.media-imdb.com/images/M/MV5BMTY0NDY3MDMxN15BMl5BanBnXkFtZTcwOTM5NzMzOQ@@._V1_SX400_.jpg,7.3,11,6900.0,2013,5,21
56,56,Oblivion,A veteran assigned to extract Earth's remaining resources begins to question what he knows about his mission and himself.,http://ia.media-imdb.com/images/M/MV5BMTQwMDY0MTA4MF5BMl5BanBnXkFtZTcwNzI3MDgxOQ@@._V1_SX400_.jpg,7.0,50,7440.0,2013,4,10
57,57,Oldboy,"Obsessed with vengeance, a man sets out to find out why he was kidnapped and locked up into solitary confinement for 20 years without reason.",http://ia.media-imdb.com/images/M/MV5BMTk5NTEwMzI5OV5BMl5BanBnXkFtZTgwMDQ4ODUwMDE@._V1_SX400_.jpg,,26,,2013,10,10
58,58,Olympus Has Fallen,"Disgraced former Presidential guard Mike Banning finds himself trapped inside the White House in the wake of a terrorist attack; using his inside knowledge, Banning works with national security to rescue the President from his kidnappers.",http://ia.media-imdb.com/images/M/MV5BMTkxNjIyNjE5OF5BMl5BanBnXkFtZTcwMTI3NzkxOQ@@._V1_SX400_.jpg,6.4,92,7200.0,2013,3,20
59,59,One Chance,"The true story of Paul Potts, a shy, bullied shop assistant by day and an amateur opera singer by night who became a phenomenon after being chosen for -- and ultimately winning -- ""Britain's Got Talent"".",http://ia.media-imdb.com/images/M/MV5BMTU4NzkxMzY2Nl5BMl5BanBnXkFtZTgwMjM5NDYxMDE@._V1_SX400_.jpg,5.2,218,6180.0,2013,9,9
60,60,One Direction: This Is Us,"A look at Niall, Zayn, Liam, Louis, and Harry's meteoric rise to fame, from their humble hometown beginnings and competing on the X-Factor, to conquering the world and performing at London's famed O2 Arena.",http://ia.media-imdb.com/images/M/MV5BMTk5NTIxNzg3Nl5BMl5BanBnXkFtZTcwMzc5MDE0OQ@@._V1_SX400_.jpg,3.1,129,5520.0,2013,8,20
61,61,Only God Forgives,"Julian, a drug-smuggler thriving in Bangkok's criminal underworld, sees his life get even more complicated when his mother compels him to find and kill whoever is responsible for his brother's recent death.",http://ia.media-imdb.com/images/M/MV5BMzE5NzcxMTk5NF5BMl5BanBnXkFtZTcwNjE2MDg2OQ@@._V1_SX400_.jpg,6.0,157,5400.0,2013,5,22
62,62,Oz the Great and Powerful,A small-time magician is swept away to an enchanted land and is forced into a power struggle between three witches.,http://ia.media-imdb.com/images/M/MV5BMjMyMzQ1ODM1MF5BMl5BanBnXkFtZTcwMjE2MTQxOQ@@._V1_SX400_.jpg,6.5,172,7800.0,2013,2,14
63,63,Pacific Rim,"As a war between humankind and monstrous sea creatures wages on, a former pilot and a trainee are paired up to drive a seemingly obsolete special weapon in a desperate effort to save the world from the apocalypse.",http://ia.media-imdb.com/images/M/MV5BMTY3MTI5NjQ4Nl5BMl5BanBnXkFtZTcwOTU1OTU0OQ@@._V1_SX400_.jpg,7.5,81,7860.0,2013,7,2
64,64,Pain & Gain,A trio of bodybuilders in Florida get caught up in an extortion ring and a kidnapping scheme that goes terribly wrong.,http://ia.media-imdb.com/images/M/MV5BMTU0NDE5NTU0OV5BMl5BanBnXkFtZTcwMzI1OTMzOQ@@._V1_SX400_.jpg,6.5,61,7740.0,2013,4,11
65,65,Paranoia,"An entry-level employee at a powerful corporation finds himself occupying a corner office, but at a dangerous price: he must spy on his boss's old mentor to secure for him a multi-billion dollar advantage.",http://ia.media-imdb.com/images/M/MV5BMTUyNjYwMTYwM15BMl5BanBnXkFtZTcwNDA4NTc2OQ@@._V1_SX400_.jpg,4.8,254,6360.0,2013,8,15
66,66,Parkland,A recounting of the chaotic events that occurred at Dallas' Parkland Hospital on the day U.S. President John F. Kennedy was assassinated.,http://ia.media-imdb.com/images/M/MV5BMjE2NjkwNDE2MF5BMl5BanBnXkFtZTgwNDY5ODIxMDE@._V1_SX400_.jpg,5.6,208,5580.0,2013,9,1
67,67,Percy Jackson: Sea of Monsters,"In order to restore their dying safe haven, the son of Poseidon and his friends embark on a quest to the Sea of Monsters to find the mythical Golden Fleece while trying to stop an ancient evil from rising.",http://ia.media-imdb.com/images/M/MV5BMTUwODUyODI0Nl5BMl5BanBnXkFtZTcwNzAxODY2OQ@@._V1_SX400_.jpg,6.5,85,6360.0,2013,8,7
68,68,Planes,A cropdusting plane with a fear of heights lives his dream of competing in a famous around-the-world aerial race.,http://ia.media-imdb.com/images/M/MV5BMjAwODc5NzYzOF5BMl5BanBnXkFtZTcwNTk4MjEzOQ@@._V1_SX400_.jpg,5.2,100,5460.0,2013,8,5
69,69,Prisoners,"When Keller Dover's daughter and her friend go missing, he takes matters into his own hands as the police pursue multiple leads and the pressure mounts. But just how far will this desperate father go to protect his family?",http://ia.media-imdb.com/images/M/MV5BMTg0NTIzMjQ1NV5BMl5BanBnXkFtZTcwNDc3MzM5OQ@@._V1_SX400_.jpg,8.2,3,9180.0,2013,8,30
70,70,R.I.P.D.,A recently slain cop joins a team of undead police officers working for the Rest in Peace Department and tries to find the man who murdered him.,http://ia.media-imdb.com/images/M/MV5BMTM5OTYxNzE5N15BMl5BanBnXkFtZTcwMDU1MTQ4OQ@@._V1_SX400_.jpg,5.4,79,5760.0,2013,7,17
71,71,Red 2,Retired C.I.A. agent Frank Moses reunites his unlikely team of elite operatives for a global quest to track down a missing portable nuclear device.,http://ia.media-imdb.com/images/M/MV5BMjI2ODQ4ODY3Nl5BMl5BanBnXkFtZTcwNTc2NzE1OQ@@._V1_SX400_.jpg,7.0,181,6960.0,2013,7,18
72,72,Riddick,"Left for dead on a sun-scorched planet, Riddick finds himself up against an alien race of predators. Activating an emergency beacon alerts two ships: one carrying a new breed of mercenary, the other captained by a man from Riddick's past.",http://ia.media-imdb.com/images/M/MV5BMTk5NzYwMzQ4MV5BMl5BanBnXkFtZTcwMjE5MTI1OQ@@._V1_SX400_.jpg,6.8,14,7140.0,2013,9,4
73,73,Romeo and Juliet,"When the star-crossed lovers of two enemy families meet, forbidden love ensues.",http://ia.media-imdb.com/images/M/MV5BMTA3MjQwOTg4MTheQTJeQWpwZ15BbWU3MDM3NDE0OTk@._V1_SX400_.jpg,5.0,152,7080.0,2013,9,24
74,74,Runner Runner,"When a poor college student who cracks an online poker game goes bust, he arranges a face-to-face with the man he thinks cheated him, a sly offshore entrepreneur.",http://ia.media-imdb.com/images/M/MV5BMTU5OTA0MjI4Ml5BMl5BanBnXkFtZTgwMTgxOTQwMDE@._V1_SX400_.jpg,5.4,35,5460.0,2013,9,25
75,75,Rush,A re-creation of the merciless 1970s rivalry between Formula One rivals James Hunt and Niki Lauda.,http://ia.media-imdb.com/images/M/MV5BMTQyMDE0MTY0OV5BMl5BanBnXkFtZTcwMjI2OTI0OQ@@._V1_SX400_.jpg,8.3,2,7380.0,2013,9,2
76,76,Safe Haven,"A young woman with a mysterious past lands in Southport, North Carolina where her bond with a widower forces her to confront the dark secret that haunts her.",http://ia.media-imdb.com/images/M/MV5BMTg4MzcxODA3OV5BMl5BanBnXkFtZTcwMTYzNDkwOQ@@._V1_SX400_.jpg,6.4,126,6900.0,2013,2,13
77,77,Scenic Route,Tensions rise between lifelong friends Mitchell and Carter after their truck breaks down on an isolated desert road as they start to attack each other's life decisions with unwavering brutality.,http://ia.media-imdb.com/images/M/MV5BMjAyNjIyOTU0M15BMl5BanBnXkFtZTcwNTUwOTI2OQ@@._V1_SX400_.jpg,6.3,166,,2013,3,9
78,78,Side Effects,A young woman's world unravels when a drug prescribed by her psychiatrist has unexpected side effects.,http://ia.media-imdb.com/images/M/MV5BMTc2MzY0NDAwOF5BMl5BanBnXkFtZTcwMTE1Mzc4OA@@._V1_SX400_.jpg,7.1,116,6360.0,2013,2,8
79,79,Star Trek Into Darkness,"After the crew of the Enterprise find an unstoppable force of terror from within their own organization, Captain Kirk leads a manhunt to a war-zone world to capture a one man weapon of mass destruction.",http://ia.media-imdb.com/images/M/MV5BMTk2NzczOTgxNF5BMl5BanBnXkFtZTcwODQ5ODczOQ@@._V1_SX400_.jpg,7.9,16,7920.0,2013,5,2
80,80,Stoker,"After India's father dies, her Uncle Charlie, who she never knew existed, comes to live with her and her unstable mother. She comes to suspect this mysterious, charming man has ulterior motives and becomes increasingly infatuated with him.",http://ia.media-imdb.com/images/M/MV5BMjI3MTM5ODI5MV5BMl5BanBnXkFtZTcwMjE1Mzc4OA@@._V1_SX400_.jpg,6.9,245,5940.0,2013,1,20
81,81,The Bling Ring,"Inspired by actual events, a group of fame-obsessed teenagers use the internet to track celebrities' whereabouts in order to rob their homes.",http://ia.media-imdb.com/images/M/MV5BMTQzMTgwMzQxN15BMl5BanBnXkFtZTcwOTcwNTY0OQ@@._V1_SX400_.jpg,5.8,41,5400.0,2013,5,16
82,82,The Butler,"As Cecil Gaines serves eight presidents during his tenure as a butler at the White House, the civil rights movement, Vietnam, and other major events affect this man's life, family, and American society.",http://ia.media-imdb.com/images/M/MV5BMjM2NDY3MjkyMF5BMl5BanBnXkFtZTcwMDM5Nzg5OQ@@._V1_SX400_.jpg,6.6,56,7920.0,2013,8,5
83,83,The Call,"When a veteran 911 operator takes a life-altering call from a teenage girl who has just been abducted, she realizes that she must confront a killer from her past in order to save the girl's life.",http://ia.media-imdb.com/images/M/MV5BMjExNDkzNjAwOV5BMl5BanBnXkFtZTcwMDMzMzQwOQ@@._V1_SX400_.jpg,6.6,115,5640.0,2013,3,14
84,84,The Colony,"Forced underground by the next ice age, a struggling outpost of survivors must fight to preserve humanity against a threat even more savage than nature.",http://ia.media-imdb.com/images/M/MV5BNzAzNzEzNDA4OF5BMl5BanBnXkFtZTcwOTUwODA3OQ@@._V1_SX400_.jpg,5.2,219,5700.0,2013,4,26
85,85,The Conjuring,Paranormal investigators Ed and Lorraine Warren work to help a family terrorized by a dark presence in their farmhouse.,http://ia.media-imdb.com/images/M/MV5BMTM3NjA1NDMyMV5BMl5BanBnXkFtZTcwMDQzNDMzOQ@@._V1_SX400_.jpg,7.7,25,6720.0,2013,6,8
86,86,The Counselor,A lawyer finds himself in over his head when he gets involved in drug trafficking.,http://ia.media-imdb.com/images/M/MV5BMTc3ODk0MTY0N15BMl5BanBnXkFtZTgwOTU2MTEzMDE@._V1_SX400_.jpg,,155,6660.0,2013,10,25
87,87,The Croods,"After their cave is destroyed, a caveman family must trek through an unfamiliar fantastical world with the help of an inventive boy.",http://ia.media-imdb.com/images/M/MV5BMTcyOTc2OTA1Ml5BMl5BanBnXkFtZTcwOTI1MjkzOQ@@._V1_SX400_.jpg,7.3,91,5880.0,2013,2,15
88,88,The East,An operative for an elite private intelligence firm finds her priorities changing dramatically after she is tasked with infiltrating an anarchist group known for executing covert attacks upon major corporations.,http://ia.media-imdb.com/images/M/MV5BMjEyNjQzMzg5Nl5BMl5BanBnXkFtZTcwMjExNzU1OQ@@._V1_SX400_.jpg,6.9,89,6960.0,2013,1,20
89,89,The Family,"The Manzoni family, a notorious mafia clan, is relocated to Normandy, France under the witness protection program, where fitting in soon becomes challenging as their old habits die hard.",http://ia.media-imdb.com/images/M/MV5BMjE2MzI0MzkyNV5BMl5BanBnXkFtZTcwMjQ2MDM2OQ@@._V1_SX400_.jpg,6.5,15,6660.0,2013,9,10
90,90,The Fifth Estate,"A dramatic thriller based on real events, THE FIFTH ESTATE reveals the quest to expose the deceptions and corruptions of power that turned an Internet upstart into the 21st century's most fiercely debated organization.",http://ia.media-imdb.com/images/M/MV5BMjY1MTY5NTg3M15BMl5BanBnXkFtZTgwMDQyMjgwMDE@._V1_SX400_.jpg,6.4,110,7680.0,2013,9,5
91,91,The Frozen Ground,An Alaska State Trooper partners with a young woman who escaped the clutches of serial killer Robert Hansen to bring the murderer to justice. Based on actual events.,http://ia.media-imdb.com/images/M/MV5BMjA0MjAyMjIxMl5BMl5BanBnXkFtZTcwNTQ1NDc2OQ@@._V1_SX400_.jpg,6.2,133,6300.0,2013,7,11
92,92,The Great Gatsby,A Midwestern war veteran finds himself drawn to the past and lifestyle of his millionaire neighbor.,http://ia.media-imdb.com/images/M/MV5BMTkxNTk1ODcxNl5BMl5BanBnXkFtZTcwMDI1OTMzOQ@@._V1_SX400_.jpg,7.3,18,8580.0,2013,5,1
93,93,The Hangover Part III,"When one of their own is kidnapped by an angry gangster, the Wolf Pack must track down Mr. Chow, who has escaped from prison and is on the lam.",http://ia.media-imdb.com/images/M/MV5BMTA0NjE1MzMzODheQTJeQWpwZ15BbWU3MDY4MTQ3Mzk@._V1_SX400_.jpg,5.9,52,6000.0,2013,5,20
94,94,The Heat,An uptight FBI Special Agent is paired with a foul-mouthed Boston cop to take down a ruthless drug lord.,http://ia.media-imdb.com/images/M/MV5BNDEwMTg2OTI5MF5BMl5BanBnXkFtZTcwNjgyNjkzOQ@@._V1_SX400_.jpg,6.9,141,7020.0,2013,6,27
95,95,The Hobbit: The Desolation of Smaug,"The Dwarves, Bilbo and Gandalf have successfully escaped the Misty Mountains, and Bilbo has gained the One Ring. They all continue their journey to get their gold back from the Dragon, Smaug.",http://ia.media-imdb.com/images/M/MV5BMjAxMjMzMzAxOV5BMl5BanBnXkFtZTcwNTU3NzU2OQ@@._V1_SX400_.jpg,,74,,2013,12,11
96,96,The Host,"When an unseen enemy threatens mankind by taking over their bodies and erasing their memories, Melanie will risk everything to protect the people she cares most about, proving that love can conquer all in a dangerous new world.",http://ia.media-imdb.com/images/M/MV5BMjMwNDg1MTAzNV5BMl5BanBnXkFtZTcwNTk5ODI3OA@@._V1_SX400_.jpg,5.7,230,7500.0,2013,3,22
97,97,The Hunger Games: Catching Fire,Katniss Everdeen and Peeta Mellark become targets of the Capitol after their victory in the 74th Hunger Games sparks a rebellion in the Districts of Panem.,http://ia.media-imdb.com/images/M/MV5BMTAyMjQ3OTAxMzNeQTJeQWpwZ15BbWU4MDU0NzA1MzAx._V1_SX400_.jpg,,4,8760.0,2013,11,11
98,98,The Internship,"Two salesmen whose careers have been torpedoed by the digital age find their way into a coveted internship at Google, where they must compete with a group of young, tech-savvy geniuses for a shot at employment.",http://ia.media-imdb.com/images/M/MV5BMjM1MzczMDgwOV5BMl5BanBnXkFtZTcwMDM4NjM2OQ@@._V1_SX400_.jpg,6.3,196,7140.0,2013,6,5
99,99,The Kings of Summer,"Three teenage friends, in the ultimate act of independence, decide to spend their summer building a house in the woods and living off the land.",http://ia.media-imdb.com/images/M/MV5BMTc3ODA1NTI0MV5BMl5BanBnXkFtZTcwOTE4OTUzOQ@@._V1_SX400_.jpg,7.1,107,5700.0,2013,1,19
100,100,The Last Days on Mars,A group of astronaut explorers succumb one by one to a mysterious and terrifying force while collecting specimens on Mars.,http://ia.media-imdb.com/images/M/MV5BMTk4ODgxMDU0M15BMl5BanBnXkFtZTgwOTg0NzcyMDE@._V1_SX400_.jpg,7.4,83,5880.0,2013,5,20
101,101,The Lone Ranger,"Native American warrior Tonto recounts the untold tales that transformed John Reid, a man of the law, into a legend of justice.",http://ia.media-imdb.com/images/M/MV5BMjI3Mjk5MTUxOV5BMl5BanBnXkFtZTcwNTMyNzY3OQ@@._V1_SX400_.jpg,6.6,190,8940.0,2013,6,22
102,102,The Mortal Instruments: City of Bones,"When her mother disappears, Clary Fray learns that she descends from a line of warriors who protect our world from demons. She joins forces with others like her and heads into a dangerous alternate New York called Downworld.",http://ia.media-imdb.com/images/M/MV5BMTc5NzAyOTQyNF5BMl5BanBnXkFtZTcwNzQ1MDc4OQ@@._V1_SX400_.jpg,6.6,32,7800.0,2013,8,12
103,103,The Purge,"A family is held hostage for harboring the target of a murderous syndicate during the Purge, a 12-hour period in which any and all crime is legalized.",http://ia.media-imdb.com/images/M/MV5BMTU0OTE1Nzk2NF5BMl5BanBnXkFtZTcwMjE5NDY0OQ@@._V1_SX400_.jpg,5.5,125,5100.0,2013,5,2
104,104,The Smurfs 2,"The Smurfs team up with their human friends to rescue Smurfette, who has been kidnapped by Gargamel since she knows a secret spell that can turn the evil sorcerer's newest creation - creatures called the Naughties - into real Smurfs.",http://ia.media-imdb.com/images/M/MV5BMTkyNDUxODg3MV5BMl5BanBnXkFtZTcwNjE5OTY2OQ@@._V1_SX400_.jpg,4.9,184,6300.0,2013,7,28
105,105,The Spectacular Now,"A hard-partying high school senior's philosophy on life changes when he meets the not-so-typical ""nice girl.""",http://ia.media-imdb.com/images/M/MV5BMjA5MTc0NTkzM15BMl5BanBnXkFtZTcwODEwNjE3OQ@@._V1_SX400_.jpg,7.7,140,5700.0,2013,1,18
106,106,The Way Way Back,"Shy 14-year-old Duncan goes on summer vacation with his mother, her overbearing boyfriend, and her boyfriend's daughter. Having a rough time fitting in, Duncan finds an unexpected friend in Owen, manager of the Water Wizz water park.",http://ia.media-imdb.com/images/M/MV5BNTU5ODk5NDg0Nl5BMl5BanBnXkFtZTcwNzQwMjI1OQ@@._V1_SX400_.jpg,7.8,237,6180.0,2013,1,21
107,107,The Wolf of Wall Street,"Based on the true story of Jordan Belfort, from his rise to a wealthy stockbroker living the high life to his fall involving crime, corruption and the federal government.",http://ia.media-imdb.com/images/M/MV5BMTQ5OTI2MTQ1MV5BMl5BanBnXkFtZTcwMjY0Njk2OQ@@._V1_SX400_.jpg,,134,,2013,11,14
108,108,The Wolverine,"When Wolverine is summoned to Japan by an old acquaintance, he is embroiled in a conflict that forces him to confront his own demons.",http://ia.media-imdb.com/images/M/MV5BNzg1MDQxMTQ2OF5BMl5BanBnXkFtZTcwMTk3MjAzOQ@@._V1_SX400_.jpg,7.1,124,7560.0,2013,7,16
109,109,The World's End,Five friends who reunite in an attempt to top their epic pub crawl from 20 years earlier unwittingly become humankind's only hope for survival.,http://ia.media-imdb.com/images/M/MV5BNzA1MTk1MzY0OV5BMl5BanBnXkFtZTgwNjkzNTUwMDE@._V1_SX400_.jpg,7.5,45,6540.0,2013,7,18
110,110,This Is the End,"While attending a party at James Franco's house, Seth Rogen, Jay Baruchel and many other celebrities are faced with the apocalypse.",http://ia.media-imdb.com/images/M/MV5BMTQxODE3NjM1Ml5BMl5BanBnXkFtZTcwMzkzNjc4OA@@._V1_SX400_.jpg,7.2,6,6420.0,2013,6,3
111,111,Thor: The Dark World,"Faced with an enemy that even Odin and Asgard cannot withstand, Thor must embark on his most perilous and personal journey yet, one that will reunite him with Jane Foster and force him to sacrifice everything to save us all.",http://ia.media-imdb.com/images/M/MV5BMTQyNzAwOTUxOF5BMl5BanBnXkFtZTcwMTE0OTc5OQ@@._V1_SX400_.jpg,,5,,2013,10,30
112,112,Trance,An art auctioneer who has become mixed up with a group of criminals partners with a hypnotherapist in order to recover a lost painting.,http://ia.media-imdb.com/images/M/MV5BMjMzNjU1MTg5NF5BMl5BanBnXkFtZTcwMTExMTcwOQ@@._V1_SX400_.jpg,6.9,217,6060.0,2013,3,27
113,113,Turbo,A freak accident might just help an everyday garden snail achieve his biggest dream: winning the Indy 500.,http://ia.media-imdb.com/images/M/MV5BMTA4NTgwMjM5MzheQTJeQWpwZ15BbWU3MDg2ODA1ODk@._V1_SX400_.jpg,6.3,189,5760.0,2013,7,17
114,114,V/H/S/2,"Searching for a missing student, two private investigators break into his house and find collection of VHS tapes. Viewing the horrific contents of each cassette, they realize there may be dark motives behind the student's disappearance.",http://ia.media-imdb.com/images/M/MV5BODg4OTMxNDAxMV5BMl5BanBnXkFtZTcwMjM4ODQ0OQ@@._V1_SX400_.jpg,6.2,90,5760.0,2013,1,19
115,115,Warm Bodies,"After a highly unusual zombie saves a still-living girl from an attack, the two form a relationship that sets in motion events that might transform the entire lifeless world.",http://ia.media-imdb.com/images/M/MV5BMTQ4MjY2MjMzOV5BMl5BanBnXkFtZTcwMDUxNzIwOQ@@._V1_SX400_.jpg,6.9,175,5880.0,2013,1,16
116,116,We Are What We Are,"The Parkers, a reclusive family who follow ancient customs, find their secret existence threatened as a torrential downpour moves into their area, forcing daughters Iris and Rose to assume responsibilities beyond those of a typical family.",http://ia.media-imdb.com/images/M/MV5BMjI3NjI3NjAyN15BMl5BanBnXkFtZTgwODE3NzMxMDE@._V1_SX400_.jpg,6.2,21,6300.0,2013,1,18
117,117,We're the Millers,A veteran pot dealer creates a fake family as part of his plan to move a huge shipment of weed into the U.S. from Mexico.,http://ia.media-imdb.com/images/M/MV5BMjA5Njc0NDUxNV5BMl5BanBnXkFtZTcwMjYzNzU1OQ@@._V1_SX400_.jpg,7.2,13,6600.0,2013,8,3
118,118,White House Down,"While on a tour of the White House with his young daughter, a Capitol policeman springs into action to save his child and protect the president from a heavily armed group of paramilitary invaders.",http://ia.media-imdb.com/images/M/MV5BMTAyNzQyNTcwNjVeQTJeQWpwZ15BbWU3MDAwOTQ4Nzk@._V1_SX400_.jpg,6.4,60,7860.0,2013,6,26
119,119,World War Z,"United Nations employee Gerry Lane traverses the world in a race against time to stop the Zombie pandemic that is toppling armies and governments, and threatening to destroy humanity itself.",http://ia.media-imdb.com/images/M/MV5BMTg0NTgxMjIxOF5BMl5BanBnXkFtZTcwMDM0MDY1OQ@@._V1_SX400_.jpg,7.1,8,6960.0,2013,6,2
120,120,Zero Charisma,An overgrown nerd who serves as Grand Master of a fantasy board game finds his role as leader of the misfits put into jeopardy when a new initiate enters the group.,http://ia.media-imdb.com/images/M/MV5BMTQ3MDU4MTI3NV5BMl5BanBnXkFtZTgwMzg5NDYyMDE@._V1_SX400_.jpg,6.2,202,5160.0,2013,4,25
121,121,jOBS,The story of Steve Jobs' ascension from college dropout into one of the most revered creative entrepreneurs of the 20th century.,http://ia.media-imdb.com/images/M/MV5BMTM5NTQ3MTYxN15BMl5BanBnXkFtZTcwODE2Nzk3OQ@@._V1_SX400_.jpg,5.6,66,7680.0,2013,1,25
